id,category
0,0.42886829548726546
1,0.7573836363214119
2,0.735677365874708
3,0.5903703968884793
4,0.8290318599248212
5,0.7504965285697185
6,0.48940448368504497
7,0.7115007922601244
8,0.5733369649811109
9,0.8733878265130115
10,0.6665569234696933
11,0.7185721661439292
12,0.44146061122159463
13,0.46832284331852525
14,0.2686680142684147
15,0.8303854562125902
16,0.793410225224686
17,0.738297962774753
18,0.5389510837809859
19,0.7742527802778688
