id,category
0,0.6874676415385973
1,0.9344382287411758
2,0.8811390577080689
3,0.7977751964212059
4,0.933438356403295
5,0.9362411820618273
6,0.6880186476449028
7,0.8909718138899758
8,0.7874684241015766
9,0.9354571387147501
10,0.8969524400029768
11,0.8510308026838489
12,0.8694591772712638
13,0.8884244113805932
14,0.4635565734706666
15,0.9295589146927394
16,0.9398186646480402
17,0.8109855182402527
18,0.7999710957757535
19,0.8983945829012868
