id,category
0,0.34935002182907937
1,0.5532985492051236
2,0.6333123398420135
3,0.5424578588428729
4,0.8765400945007068
5,0.621473035107095
6,0.36662853523274286
7,0.6822443970038575
8,0.6016718609883365
9,0.8436574144756809
10,0.6306906577977158
11,0.6902763341249958
12,0.3505934347784785
13,0.496340651339215
14,0.22850583015680836
15,0.8594925747340494
16,0.7681280124721418
17,0.723306182985118
18,0.3455121160286845
19,0.7416896845950216
