id,category
0,0.46051178674337356
1,0.8108100282929046
2,0.824154753392951
3,0.6475428172929854
4,0.9045997088013248
5,0.8575557524634804
6,0.5625142681519661
7,0.78106679049463
8,0.6812838641775858
9,0.8521384103738922
10,0.8315329033955098
11,0.8168333119604079
12,0.5701436424435162
13,0.7365873506581835
14,0.361559806973338
15,0.8952749546280103
16,0.8096867470174399
17,0.8148638850624792
18,0.6653701373123572
19,0.8216015113595323
