id,category
0,0.4083710057893095
1,0.6451533423149703
2,0.7062711834122795
3,0.5581654234704247
4,0.820862527097894
5,0.7719069395535787
6,0.5161944242330024
7,0.6603669346910161
8,0.5420078462396056
9,0.8613538945483497
10,0.6103653589436717
11,0.7093549255994486
12,0.4335801558346375
13,0.546403479104335
14,0.22644637017996694
15,0.8274188731469598
16,0.7572813701779477
17,0.731572543058137
18,0.3969875754019496
19,0.7114379782332563
